"First Name","Last Name","Age","Email","Phone","Occupation","Experience (Years)","Salary""Freddie","Watson","23","f.watson@randatmail.com","947-4801-09","Photographer","11","125760""Rafael","Brooks","26","r.brooks@randatmail.com","160-4419-56","Astronomer","7","188575""Amber","Harrison","25","a.harrison@randatmail.com","241-3259-25","Baker","5","153538""Harold","Harris","23","h.harris@randatmail.com","721-7851-89","Fashion Designer","2","165854""Edith","Richardson","20","e.richardson@randatmail.com","560-4666-60","Lecturer","2","120719""Lucy","Perry","28","l.perry@randatmail.com","661-4813-25","Meteorologist","11","106786""Thomas","Robinson","28","t.robinson@randatmail.com","402-6123-25","Medic","14","56262""Haris","Morgan","20","h.morgan@randatmail.com","547-3957-51","Cook","8","174065""Alexia","Ellis","21","a.ellis@randatmail.com","259-5691-02","Engineer","1","167927""Frederick","Hamilton","28","f.hamilton@randatmail.com","350-3720-29","Pharmacist","14","130831""Adelaide","Barnes","28","a.barnes@randatmail.com","724-2542-30","Pharmacist","14","31649""Audrey","Watson","27","a.watson@randatmail.com","793-4119-37","Physicist","0","94167""Fiona","Stevens","24","f.stevens@randatmail.com","242-9253-92","Manager","9","153725""Rubie","Johnson","28","r.johnson@randatmail.com","002-9870-34","Auditor","0","54281""Martin","Payne","19","m.payne@randatmail.com","858-4929-52","Historian","1","105573""Charlotte","Jones","19","c.jones@randatmail.com","981-1688-37","Dancer","2","54818""April","Adams","22","a.adams@randatmail.com","051-9392-79","Florist","5","198390""Thomas","Andrews","20","t.andrews@randatmail.com","952-2326-09","Composer","9","198557""Tess","Harrison","28","t.harrison@randatmail.com","647-9938-81","Interpreter","14","34207""Freddie","Bailey","30","f.bailey@randatmail.com","139-8834-44","Aeroplane Pilot","10","36203""Daryl","Barrett","29","d.barrett@randatmail.com","779-0175-05","Lecturer","2","82352""Carl","Morris","20","c.morris@randatmail.com","531-3593-14","Mathematician","3","163298""Alberta","Campbell","19","a.campbell@randatmail.com","494-7367-36","Teacher","5","134198""Penelope","Davis","22","p.davis@randatmail.com","412-2602-35","Scientist","2","72122""Adrian","Moore","22","a.moore@randatmail.com","176-3869-26","Jeweller","7","38455""Madaline","Davis","21","m.davis@randatmail.com","512-8293-31","Mechanic","6","196596""Stuart","Lloyd","26","s.lloyd@randatmail.com","777-5113-98","Agronomist","12","172018""Vincent","Bailey","27","v.bailey@randatmail.com","057-3295-50","Teacher","5","186263""Myra","Robinson","19","m.robinson@randatmail.com","784-3320-37","Agronomist","1","124394""Samantha","West","26","s.west@randatmail.com","516-7315-01","Programmer","10","90174""Audrey","Brown","18","a.brown@randatmail.com","075-8669-89","Jeweller","3","104693""Camila","Ross","29","c.ross@randatmail.com","014-2172-38","Veterinarian","14","53765""Evelyn","Farrell","20","e.farrell@randatmail.com","763-1975-54","Producer","2","135939""Owen","Mitchell","24","o.mitchell@randatmail.com","383-4081-79","Singer","9","122873""Adelaide","Lloyd","22","a.lloyd@randatmail.com","384-0624-08","Jeweller","4","172778""Violet","Carter","23","v.carter@randatmail.com","457-9151-30","Teacher","4","82008""Jenna","Hill","27","j.hill@randatmail.com","218-3200-96","Hairdresser","8","83873""Elian","Myers","19","e.myers@randatmail.com","817-0805-29","Fashion Designer","3","89125""Jessica","Carter","29","j.carter@randatmail.com","830-7314-33","Medic","9","113616""Annabella","Watson","29","a.watson@randatmail.com","981-8767-93","Producer","0","76401""John","Grant","28","j.grant@randatmail.com","505-7303-69","Cook","12","43289""Charlie","Thompson","18","c.thompson@randatmail.com","555-2964-32","Fine Artist","5","182418""Dexter","Ferguson","26","d.ferguson@randatmail.com","620-7138-71","Police Officer","12","43251""Henry","West","18","h.west@randatmail.com","843-9079-79","Salesman","1","121124""Maya","Alexander","21","m.alexander@randatmail.com","051-5173-16","Scientist","10","129209""Valeria","Brooks","23","v.brooks@randatmail.com","771-0886-16","Fashion Designer","5","182912""Freddie","Higgins","21","f.higgins@randatmail.com","466-4554-54","Physicist","8","195557""Kellan","Watson","23","k.watson@randatmail.com","425-5944-15","Baker","1","117511""Antony","Alexander","21","a.alexander@randatmail.com","209-3580-14","Manager","0","120498""Lilianna","Higgins","26","l.higgins@randatmail.com","296-5840-19","Actor","6","127842""Elise","Kelly","28","e.kelly@randatmail.com","902-3466-86","Dancer","1","168158""Arnold","Armstrong","27","a.armstrong@randatmail.com","319-2794-22","Actor","12","41405""Edith","Kelley","20","e.kelley@randatmail.com","303-4924-78","Economist","5","138136""Alisa","Ryan","21","a.ryan@randatmail.com","690-8458-66","Driver","9","175041""Thomas","Campbell","20","t.campbell@randatmail.com","507-1499-77","Aeroplane Pilot","7","134190""Miley","Nelson","22","m.nelson@randatmail.com","478-5149-70","Producer","4","129676""Alexander","Williams","24","a.williams@randatmail.com","110-9053-79","Archeologist","4","160633""Oliver","Montgomery","29","o.montgomery@randatmail.com","526-0721-35","Medic","4","120161""Stella","Brooks","30","s.brooks@randatmail.com","619-2210-83","Singer","4","38865""Lilianna","Barnes","26","l.barnes@randatmail.com","476-5597-83","Salesman","3","74388""Max","Owens","23","m.owens@randatmail.com","608-7398-96","Architect","3","44403""Vivian","Dixon","25","v.dixon@randatmail.com","822-1950-45","Economist","8","119489""Edwin","Smith","20","e.smith@randatmail.com","475-0525-29","Manager","9","92571""Lily","Russell","28","l.russell@randatmail.com","816-9875-04","Electrician","9","75767""Edwin","Roberts","19","e.roberts@randatmail.com","338-7452-66","Baker","1","199963""Catherine","Elliott","29","c.elliott@randatmail.com","626-6083-66","Chef","8","185982""Lilianna","Scott","27","l.scott@randatmail.com","142-7401-94","Manager","8","90463""Agata","Miller","24","a.miller@randatmail.com","825-8311-52","Dancer","1","142031""Ryan","Hawkins","29","r.hawkins@randatmail.com","950-4753-87","Historian","14","51432""Naomi","Harris","19","n.harris@randatmail.com","100-4642-89","Teacher","7","138800""Alfred","Campbell","29","a.campbell@randatmail.com","683-2660-49","Driver","5","175759""Olivia","Roberts","23","o.roberts@randatmail.com","091-0003-15","Meteorologist","0","132036""Haris","Carroll","24","h.carroll@randatmail.com","501-4254-34","Social Worker","0","123196""Jared","Brooks","18","j.brooks@randatmail.com","910-4988-47","Driver","7","114721""Kate","Wilson","25","k.wilson@randatmail.com","931-5989-06","Historian","10","91251""Roman","Crawford","27","r.crawford@randatmail.com","713-0435-97","Teacher","2","96056""Elian","Hall","28","e.hall@randatmail.com","628-4800-83","Composer","11","117245""Adam","Thompson","23","a.thompson@randatmail.com","297-0142-85","Jeweller","7","36114""Arthur","Walker","23","a.walker@randatmail.com","642-9462-90","Singer","1","154577""Anna","Gray","23","a.gray@randatmail.com","724-6647-00","Carpenter","9","112875""Brianna","Payne","22","b.payne@randatmail.com","500-2007-40","Medic","5","100162""William","Hunt","28","w.hunt@randatmail.com","305-0410-27","Carpenter","2","170412""Deanna","Harper","28","d.harper@randatmail.com","569-1229-80","Biochemist","6","159771""Myra","Evans","28","m.evans@randatmail.com","833-4060-78","Electrician","11","119491""Preston","Richardson","24","p.richardson@randatmail.com","140-2505-18","Agronomist","1","37268""Anna","Hunt","26","a.hunt@randatmail.com","504-5430-86","Teacher","12","32958""Lucy","Crawford","21","l.crawford@randatmail.com","704-3233-32","Mechanic","10","108388""Ada","Montgomery","19","a.montgomery@randatmail.com","766-0309-27","Insurer","5","107922""Isabella","Moore","18","i.moore@randatmail.com","406-2915-44","Agronomist","1","34970""Alan","Harper","30","a.harper@randatmail.com","707-1699-21","Photographer","14","83120""Kelvin","Morrison","21","k.morrison@randatmail.com","558-8172-80","Chef","4","153707""Nicole","Rogers","28","n.rogers@randatmail.com","711-4324-14","Archeologist","0","99972""Jack","Foster","25","j.foster@randatmail.com","184-1783-63","Insurer","5","156989""Lily","Adams","19","l.adams@randatmail.com","493-1534-38","Police Officer","9","88502""Lilianna","Roberts","23","l.roberts@randatmail.com","903-0516-58","Auditor","1","189965""Myra","Higgins","29","m.higgins@randatmail.com","384-4994-71","Chef","2","187745""Edwin","Hamilton","23","e.hamilton@randatmail.com","011-6389-87","Hairdresser","1","144547""Tiana","Martin","21","t.martin@randatmail.com","763-8582-46","Teacher","4","83627""Catherine","Moore","20","c.moore@randatmail.com","497-8086-36","Mathematician","9","156466""Julian","Andrews","27","j.andrews@randatmail.com","301-6476-76","Producer","12","160984""Deanna","Russell","27","d.russell@randatmail.com","787-1551-20","Botanist","7","88577""Blake","Hall","19","b.hall@randatmail.com","947-3562-77","Chemist","8","117292""Dale","Harrison","23","d.harrison@randatmail.com","112-2773-30","Carpenter","6","145411""Violet","Bailey","26","v.bailey@randatmail.com","792-1763-42","Dancer","2","40436""Evelyn","Wright","20","e.wright@randatmail.com","870-3631-81","Fine Artist","6","72760""Florrie","Brooks","25","f.brooks@randatmail.com","336-0390-74","Mathematician","7","122291""Edgar","Parker","19","e.parker@randatmail.com","670-4907-44","Architect","4","83565""Rafael","Mason","30","r.mason@randatmail.com","884-4274-23","Meteorologist","2","31072""Sophia","Cunningham","29","s.cunningham@randatmail.com","804-7985-09","Electrician","3","192808""Reid","Payne","19","r.payne@randatmail.com","401-8278-51","Electrician","2","108336""Amy","Hawkins","27","a.hawkins@randatmail.com","807-7974-80","Mechanic","7","87328""Myra","Alexander","22","m.alexander@randatmail.com","639-0081-83","Agronomist","1","106343""Eleanor","Cameron","20","e.cameron@randatmail.com","041-3339-58","Chef","3","118564""Deanna","Hawkins","25","d.hawkins@randatmail.com","190-3256-38","Graphic Designer","3","124622""Vanessa","Warren","22","v.warren@randatmail.com","432-9577-17","Lawer","11","60058""Roland","Watson","26","r.watson@randatmail.com","714-9842-43","Auditor","7","120981""Alexander","Martin","27","a.martin@randatmail.com","868-1741-77","Baker","9","73780""Fiona","Alexander","20","f.alexander@randatmail.com","861-2986-55","Botanist","4","127754""Vanessa","Moore","19","v.moore@randatmail.com","031-7654-40","Pharmacist","4","37871""Samantha","Gray","30","s.gray@randatmail.com","762-4790-91","Producer","14","102546""Alisa","Williams","19","a.williams@randatmail.com","567-1409-08","Driver","9","142334""Victoria","Carter","26","v.carter@randatmail.com","765-5290-79","Astronomer","7","70207""Clark","Smith","18","c.smith@randatmail.com","766-0982-34","Electrician","3","122112""Adison","Sullivan","29","a.sullivan@randatmail.com","404-5734-68","Fashion Designer","12","198599""Fenton","Ellis","27","f.ellis@randatmail.com","772-7543-21","Biochemist","9","147158""Aston","Smith","26","a.smith@randatmail.com","788-2569-77","Chemist","12","73386""Julian","Watson","23","j.watson@randatmail.com","485-0211-96","Pharmacist","3","125671""Haris","Walker","20","h.walker@randatmail.com","323-3292-30","Aeroplane Pilot","7","141270""Robert","Murray","29","r.murray@randatmail.com","591-0595-41","Singer","4","177883""Ned","Perkins","23","n.perkins@randatmail.com","010-6422-16","Biochemist","2","86829""Jack","Baker","29","j.baker@randatmail.com","862-1228-11","Mechanic","9","198691""Carl","Brown","22","c.brown@randatmail.com","082-4776-38","Police Officer","0","158047""Kirsten","Owens","30","k.owens@randatmail.com","258-0764-28","Composer","9","156835""Melissa","Hawkins","30","m.hawkins@randatmail.com","409-3371-99","Lawer","13","134546""Arianna","Crawford","29","a.crawford@randatmail.com","240-6259-50","Medic","6","174353""John","Walker","28","j.walker@randatmail.com","261-7111-96","Graphic Designer","5","90035""Victor","Fowler","30","v.fowler@randatmail.com","741-4357-43","Interior Designer","2","112978""Daryl","Stevens","20","d.stevens@randatmail.com","080-7466-26","Cook","3","82657""Isabella","Cooper","18","i.cooper@randatmail.com","296-7191-34","Firefighter","2","123229""Jordan","Kelley","30","j.kelley@randatmail.com","155-7892-58","Jeweller","10","63316""Edward","Bennett","23","e.bennett@randatmail.com","502-4578-14","Economist","5","171398""Eleanor","Martin","24","e.martin@randatmail.com","422-5729-93","Dancer","11","149436""Arianna","Payne","23","a.payne@randatmail.com","043-7833-17","Manager","3","54570""Alisa","Thompson","24","a.thompson@randatmail.com","316-4406-20","Fine Artist","8","154328""Alford","Foster","27","a.foster@randatmail.com","624-8863-53","Veterinarian","2","123164""Grace","Chapman","27","g.chapman@randatmail.com","648-0505-19","Aeroplane Pilot","11","117877""Kelsey","Grant","18","k.grant@randatmail.com","297-9393-59","Jeweller","2","165246""Kimberly","Cameron","21","k.cameron@randatmail.com","659-8387-08","Electrician","9","54710""Lucia","Clark","20","l.clark@randatmail.com","312-4614-66","Teacher","5","51122""William","Ryan","23","w.ryan@randatmail.com","261-7486-28","Mechanic","9","193299""Jack","Walker","28","j.walker@randatmail.com","534-6092-88","Economist","10","98994""Isabella","Robinson","23","i.robinson@randatmail.com","749-7035-34","Engineer","4","189459""Amy","Chapman","19","a.chapman@randatmail.com","645-5974-97","Economist","7","102839""Wilson","Stevens","19","w.stevens@randatmail.com","955-7408-58","Carpenter","6","73145""Roland","Hawkins","27","r.hawkins@randatmail.com","022-5156-45","Interpreter","4","83663""Henry","Howard","23","h.howard@randatmail.com","141-8498-02","Auditor","0","127904""Grace","Perry","23","g.perry@randatmail.com","426-3257-13","Dancer","9","144274""Aiden","Payne","18","a.payne@randatmail.com","902-3179-66","Police Officer","8","37853""Aida","Williams","19","a.williams@randatmail.com","997-0015-83","Agronomist","5","136202""Ned","Casey","19","n.casey@randatmail.com","284-6469-60","Accountant","7","192308""Kate","Wells","30","k.wells@randatmail.com","154-0960-77","Engineer","2","50641""Audrey","Kelley","22","a.kelley@randatmail.com","608-5478-67","Programmer","8","83481""Joyce","Murphy","22","j.murphy@randatmail.com","813-2173-66","Accountant","5","46101""Ellia","Carroll","27","e.carroll@randatmail.com","580-0921-71","Biochemist","5","144091""Caroline","Evans","22","c.evans@randatmail.com","510-9558-98","Singer","1","148149""Eleanor","Hill","30","e.hill@randatmail.com","041-8490-03","Chef","13","34664""James","Rogers","20","j.rogers@randatmail.com","164-6358-70","Driver","9","94234""Abigail","Brown","18","a.brown@randatmail.com","186-1914-23","Driver","8","144580""Eddy","Richardson","22","e.richardson@randatmail.com","562-2540-42","Firefighter","3","144311""Elian","Robinson","19","e.robinson@randatmail.com","612-1829-05","Photographer","5","81204""Belinda","Henderson","27","b.henderson@randatmail.com","536-3429-59","Chef","7","56846""Alissa","Cunningham","26","a.cunningham@randatmail.com","728-3220-25","Historian","6","57383""Robert","Cunningham","26","r.cunningham@randatmail.com","451-3471-82","Singer","9","63703""Hailey","Clark","24","h.clark@randatmail.com","019-7605-75","Agronomist","5","36043""Kevin","Morrison","23","k.morrison@randatmail.com","536-6480-61","Auditor","7","71645""Alexander","Myers","29","a.myers@randatmail.com","332-7811-25","Police Officer","13","89923""Deanna","Casey","23","d.casey@randatmail.com","548-0805-73","Historian","9","117215""Vincent","Ellis","29","v.ellis@randatmail.com","441-9646-24","Photographer","4","140937""Dainton","Wright","23","d.wright@randatmail.com","769-6716-20","Carpenter","6","49372""Adelaide","Higgins","21","a.higgins@randatmail.com","951-6506-88","Mathematician","6","70394""Garry","Nelson","19","g.nelson@randatmail.com","473-5698-91","Physicist","7","114376""Sam","West","21","s.west@randatmail.com","140-0446-34","Medic","9","174596""Rubie","Tucker","29","r.tucker@randatmail.com","769-2919-82","Aeroplane Pilot","0","125248""Reid","Fowler","24","r.fowler@randatmail.com","453-3294-14","Auditor","8","175122""Michelle","Thompson","21","m.thompson@randatmail.com","891-8051-91","Medic","8","92384""Dainton","Clark","19","d.clark@randatmail.com","906-8402-71","Mechanic","8","126547""Paige","West","20","p.west@randatmail.com","081-7079-25","Historian","4","129002""John","Bailey","19","j.bailey@randatmail.com","282-3522-40","Physicist","1","92013""Audrey","Kelly","30","a.kelly@randatmail.com","578-8182-29","Composer","11","110420""Cadie","Parker","19","c.parker@randatmail.com","984-3648-95","Insurer","8","54090""Mary","Morrison","22","m.morrison@randatmail.com","043-0485-15","Interior Designer","9","177293""Edward","Mason","27","e.mason@randatmail.com","975-9479-43","Electrician","3","93497""William","Brooks","18","w.brooks@randatmail.com","344-6562-36","Biochemist","7","159323""Tess","Hill","27","t.hill@randatmail.com","707-3395-55","Insurer","13","40923""Elise","Thomas","18","e.thomas@randatmail.com","143-0489-38","Physicist","0","190505""Eleanor","Cunningham","24","e.cunningham@randatmail.com","410-9875-57","Astronomer","7","157326""Agata","Payne","23","a.payne@randatmail.com","293-7247-39","Insurer","8","193100""Audrey","Jones","27","a.jones@randatmail.com","742-3036-42","Baker","1","38389""Lucy","Allen","20","l.allen@randatmail.com","842-7568-52","Mechanic","4","158456""Edgar","Warren","25","e.warren@randatmail.com","417-8993-63","Mathematician","10","198834"


