,,
,,
April,Adams,a.adams@randatmail.com
Lily,Adams,l.adams@randatmail.com
Antony,Alexander,a.alexander@randatmail.com
Fiona,Alexander,f.alexander@randatmail.com
Maya,Alexander,m.alexander@randatmail.com
Myra,Alexander,m.alexander@randatmail.com
Lucy,Allen,l.allen@randatmail.com
Julian,Andrews,j.andrews@randatmail.com
Thomas,Andrews,t.andrews@randatmail.com
Arnold,Armstrong,a.armstrong@randatmail.com
Freddie,Bailey,f.bailey@randatmail.com
John,Bailey,j.bailey@randatmail.com
Vincent,Bailey,v.bailey@randatmail.com
Violet,Bailey,v.bailey@randatmail.com
Jack,Baker,j.baker@randatmail.com
Adelaide,Barnes,a.barnes@randatmail.com
Daryl,Barrett,d.barrett@randatmail.com
Edward,Bennett,e.bennett@randatmail.com
Florrie,Brooks,f.brooks@randatmail.com
Jared,Brooks,j.brooks@randatmail.com
Rafael,Brooks,r.brooks@randatmail.com
Stella,Brooks,s.brooks@randatmail.com
Valeria,Brooks,v.brooks@randatmail.com
William,Brooks,w.brooks@randatmail.com
Abigail,Brown,a.brown@randatmail.com
Audrey,Brown,a.brown@randatmail.com
Carl,Brown,c.brown@randatmail.com
Eleanor,Cameron,e.cameron@randatmail.com
Kimberly,Cameron,k.cameron@randatmail.com
Alberta,Campbell,a.campbell@randatmail.com
Alfred,Campbell,a.campbell@randatmail.com
Thomas,Campbell,t.campbell@randatmail.com
Ellia,Carroll,e.carroll@randatmail.com
Haris,Carroll,h.carroll@randatmail.com
Jessica,Carter,j.carter@randatmail.com
Victoria,Carter,v.carter@randatmail.com
Violet,Carter,v.carter@randatmail.com
Deanna,Casey,d.casey@randatmail.com
Ned,Casey,n.casey@randatmail.com
Amy,Chapman,a.chapman@randatmail.com
Grace,Chapman,g.chapman@randatmail.com
Dainton,Clark,d.clark@randatmail.com
Hailey,Clark,h.clark@randatmail.com
Lucia,Clark,l.clark@randatmail.com
Isabella,Cooper,i.cooper@randatmail.com
Arianna,Crawford,a.crawford@randatmail.com
Lucy,Crawford,l.crawford@randatmail.com
Roman,Crawford,r.crawford@randatmail.com
Alissa,Cunningham,a.cunningham@randatmail.com
Eleanor,Cunningham,e.cunningham@randatmail.com
Robert,Cunningham,r.cunningham@randatmail.com
Sophia,Cunningham,s.cunningham@randatmail.com
Madaline,Davis,m.davis@randatmail.com
Penelope,Davis,p.davis@randatmail.com
Vivian,Dixon,v.dixon@randatmail.com
Catherine,Elliott,c.elliott@randatmail.com
Alexia,Ellis,a.ellis@randatmail.com
Fenton,Ellis,f.ellis@randatmail.com
Vincent,Ellis,v.ellis@randatmail.com
Caroline,Evans,c.evans@randatmail.com
Myra,Evans,m.evans@randatmail.com
Evelyn,Farrell,e.farrell@randatmail.com
Dexter,Ferguson,d.ferguson@randatmail.com
Alford,Foster,a.foster@randatmail.com
Jack,Foster,j.foster@randatmail.com
Reid,Fowler,r.fowler@randatmail.com
Victor,Fowler,v.fowler@randatmail.com
John,Grant,j.grant@randatmail.com
Kelsey,Grant,k.grant@randatmail.com
Anna,Gray,a.gray@randatmail.com
Samantha,Gray,s.gray@randatmail.com
Blake,Hall,b.hall@randatmail.com
Elian,Hall,e.hall@randatmail.com
Edwin,Hamilton,e.hamilton@randatmail.com
Frederick,Hamilton,f.hamilton@randatmail.com
Alan,Harper,a.harper@randatmail.com
Deanna,Harper,d.harper@randatmail.com
Harold,Harris,h.harris@randatmail.com
Naomi,Harris,n.harris@randatmail.com
Amber,Harrison,a.harrison@randatmail.com
Dale,Harrison,d.harrison@randatmail.com
Tess,Harrison,t.harrison@randatmail.com
Amy,Hawkins,a.hawkins@randatmail.com
Deanna,Hawkins,d.hawkins@randatmail.com
Melissa,Hawkins,m.hawkins@randatmail.com
Roland,Hawkins,r.hawkins@randatmail.com
Ryan,Hawkins,r.hawkins@randatmail.com
Belinda,Henderson,b.henderson@randatmail.com
Adelaide,Higgins,a.higgins@randatmail.com
Freddie,Higgins,f.higgins@randatmail.com
Myra,Higgins,m.higgins@randatmail.com
Eleanor,Hill,e.hill@randatmail.com
Jenna,Hill,j.hill@randatmail.com
Tess,Hill,t.hill@randatmail.com
Henry,Howard,h.howard@randatmail.com
Anna,Hunt,a.hunt@randatmail.com
William,Hunt,w.hunt@randatmail.com
Rubie,Johnson,r.johnson@randatmail.com
Audrey,Jones,a.jones@randatmail.com
Charlotte,Jones,c.jones@randatmail.com
Audrey,Kelley,a.kelley@randatmail.com
Edith,Kelley,e.kelley@randatmail.com
Jordan,Kelley,j.kelley@randatmail.com
Audrey,Kelly,a.kelly@randatmail.com
Elise,Kelly,e.kelly@randatmail.com
Adelaide,Lloyd,a.lloyd@randatmail.com
Stuart,Lloyd,s.lloyd@randatmail.com
Alexander,Martin,a.martin@randatmail.com
Eleanor,Martin,e.martin@randatmail.com
Tiana,Martin,t.martin@randatmail.com
Edward,Mason,e.mason@randatmail.com
Rafael,Mason,r.mason@randatmail.com
Agata,Miller,a.miller@randatmail.com
Owen,Mitchell,o.mitchell@randatmail.com
Ada,Montgomery,a.montgomery@randatmail.com
Oliver,Montgomery,o.montgomery@randatmail.com
Adrian,Moore,a.moore@randatmail.com
Catherine,Moore,c.moore@randatmail.com
Isabella,Moore,i.moore@randatmail.com
Vanessa,Moore,v.moore@randatmail.com
Haris,Morgan,h.morgan@randatmail.com
Carl,Morris,c.morris@randatmail.com
Kelvin,Morrison,k.morrison@randatmail.com
Kevin,Morrison,k.morrison@randatmail.com
Mary,Morrison,m.morrison@randatmail.com
Joyce,Murphy,j.murphy@randatmail.com
Robert,Murray,r.murray@randatmail.com
Alexander,Myers,a.myers@randatmail.com
Elian,Myers,e.myers@randatmail.com
Garry,Nelson,g.nelson@randatmail.com
Miley,Nelson,m.nelson@randatmail.com
Kirsten,Owens,k.owens@randatmail.com
Max,Owens,m.owens@randatmail.com
Cadie,Parker,c.parker@randatmail.com
Edgar,Parker,e.parker@randatmail.com
Agata,Payne,a.payne@randatmail.com
Aiden,Payne,a.payne@randatmail.com
Arianna,Payne,a.payne@randatmail.com
Brianna,Payne,b.payne@randatmail.com
Martin,Payne,m.payne@randatmail.com
Reid,Payne,r.payne@randatmail.com
Ned,Perkins,n.perkins@randatmail.com
Grace,Perry,g.perry@randatmail.com
Lucy,Perry,l.perry@randatmail.com
Eddy,Richardson,e.richardson@randatmail.com
Edith,Richardson,e.richardson@randatmail.com
Preston,Richardson,p.richardson@randatmail.com
Edwin,Roberts,e.roberts@randatmail.com
Olivia,Roberts,o.roberts@randatmail.com
Elian,Robinson,e.robinson@randatmail.com
Isabella,Robinson,i.robinson@randatmail.com
Myra,Robinson,m.robinson@randatmail.com
Thomas,Robinson,t.robinson@randatmail.com
James,Rogers,j.rogers@randatmail.com
Nicole,Rogers,n.rogers@randatmail.com
Camila,Ross,c.ross@randatmail.com
Deanna,Russell,d.russell@randatmail.com
Lily,Russell,l.russell@randatmail.com
Alisa,Ryan,a.ryan@randatmail.com
William,Ryan,w.ryan@randatmail.com
Aston,Smith,a.smith@randatmail.com
Clark,Smith,c.smith@randatmail.com
Edwin,Smith,e.smith@randatmail.com
Daryl,Stevens,d.stevens@randatmail.com
Fiona,Stevens,f.stevens@randatmail.com
Wilson,Stevens,w.stevens@randatmail.com
Adison,Sullivan,a.sullivan@randatmail.com
Elise,Thomas,e.thomas@randatmail.com
Adam,Thompson,a.thompson@randatmail.com
Alisa,Thompson,a.thompson@randatmail.com
Charlie,Thompson,c.thompson@randatmail.com
Michelle,Thompson,m.thompson@randatmail.com
Rubie,Tucker,r.tucker@randatmail.com
Arthur,Walker,a.walker@randatmail.com
Haris,Walker,h.walker@randatmail.com
Jack,Walker,j.walker@randatmail.com
John,Walker,j.walker@randatmail.com
Edgar,Warren,e.warren@randatmail.com
Vanessa,Warren,v.warren@randatmail.com
Annabella,Watson,a.watson@randatmail.com
Audrey,Watson,a.watson@randatmail.com
Freddie,Watson,f.watson@randatmail.com
Julian,Watson,j.watson@randatmail.com
Kellan,Watson,k.watson@randatmail.com
Roland,Watson,r.watson@randatmail.com
Kate,Wells,k.wells@randatmail.com
Henry,West,h.west@randatmail.com
Paige,West,p.west@randatmail.com
Sam,West,s.west@randatmail.com
Samantha,West,s.west@randatmail.com
Aida,Williams,a.williams@randatmail.com
Alexander,Williams,a.williams@randatmail.com
Alisa,Williams,a.williams@randatmail.com
Kate,Wilson,k.wilson@randatmail.com
Dainton,Wright,d.wright@randatmail.com
Evelyn,Wright,e.wright@randatmail.com
